{"neg": "negeri", "boj": "bojong", "yaya": "yayasan", "bang": "bangunan", "mar": "markaz", "tabl": "tabligh", "bint": "bintang", "cau": "causal", "jep": "jepara", "hin": "hingdi", "caval": "cavallino", "beng": "bengkel", "ber": "berkat", "bust": "bustanul", "mand": "mandiri", "prim": "primaadi", "kuli": "kuliner", "tapa": "tapanuli", "sela": "selatan", "electr": "electrolux", "laun": "laundry", "pasi": "pasifik", "stati": "station88", "kan": "kantor", "pang": "pangkas", "bat": "bataco", "spesia": "spesialist", "lome": "lomenik", "ged": "gedung", "gor": "goreng", "war": "warung", "waro": "waroeng", "mamp": "mampang", "semb": "sembako", "ria": "rianda", "terp": "terpadu", "asa": "asahan", "bea": "beauty", "indocar": "indocarpenter", "mekar": "mekarsari", "makh": "makhasi", "serv": "service", "pab": "pabrik", "pena": "penahan", "lup": "lupita", "mush": "musholla", "cosmat": "cosmaterial", "lom": "lombok", "kor": "korean", "chat": "chatime", "maka": "makaroni", "prat": "pratama", "suko": "sukodono", "coun": "counter", "i": "ine", "chem": "chempuck", "ren": "rental", "kam": "kamera", "toi": "toilet", "bag": "baguna", "alfa": "alfatah", "ciki": "cikiwul", "pertan": "pertanahan", "elektr": "elektronik", "the": "thetya", "pon": "pondok", "kur": "kuring", "kesaya": "kesayangan", "miea": "mieayam", "pancar": "pancaroada", "tak": "taklim", "khu": "khusus", "nur": "nurani", "yuni": "yuniyati", "baitul": "baitulrido", "tal": "talang", "sto": "stokis", "pasirj": "pasirjambu", "inter": "internusa", "band": "bandung", "penyul": "penyuluhan", "lamo": "lamongan", "mad": "madiha", "kerli": "kerlipan", "dyna": "dynamic", "lang": "language", "collec": "collection", "dag": "daging", "pudd": "pudding", "rubi": "rubindo", "perk": "perkasa", "maje": "majelis", "sam": "sambal", "d": "da", "valen": "valentine", "sum": "sumber", "ban": "banana", "nug": "nugget", "rak": "rakyat", "prib": "pribumi", "pol": "polsek", "pro": "profil", "alams": "alamsyah", "sar": "sarana", "kary": "karyawan", "novo": "novotel", "pesan": "pesantren", "penga": "pengacara", "mas": "masjid", "alf": "alfaza", "jun": "junita", "komu": "komunika", "lor": "lorena", "jem": "jember", "indon": "indonesia", "sant": "santosa", "parf": "parfume", "por": "porong", "wis": "wisata", "sulaima": "sulaimaniyah", "ger": "german", "cen": "centre", "pis": "pisang", "anbe": "anbenov", "zahr": "zahrratu", "kuc": "kucrut", "gep": "geprek", "toy": "toyota", "indra": "indrapura", "warm": "warmindo", "perum": "perumahan", "dev": "devina", "catterp": "catterpilars", "montes": "montessori", "darm": "darminah", "srir": "sriratu", "pangk": "pangkalan", "far": "farozz", "logi": "logistik", "fort": "fortuna", "a": "allista", "kall": "kallista", "pri": "prima", "mak": "makmur", "rasmiy": "rasmiyatun", "kope": "koperasi", "bar": "barber", "ali": "alifah", "tit": "titien", "pendid": "pendidikan", "weed": "weeding", "anug": "anugrah", "hea": "heaven", "sio": "siomay", "jemb": "jembatan", "cibi": "cibinong", "keso": "kesohor", "adyaw": "adyawinsa", "seki": "sekisui", "swa": "swasta", "dha": "dharma", "besi": "besitang", "tila": "tilawati", "belu": "beluran", "keb": "kebond", "lemb": "lembang", "gar": "garuda", "sudi": "sudirman", "cah": "cahaya", "hali": "halimsak", "kebuda": "kebudayaan", "pariwi": "pariwisata", "nikko": "nikkotama", "jon": "jontor", "san": "sanken", "clea": "cleaning", "mus": "muslim", "perta": "pertamina", "stad": "stadion", "pers": "persero", "tarbiy": "tarbiyatun", "rem": "remaja", "swi": "switha", "min": "minang", "muti": "mutiara", "pau": "paulus", "rum": "rumiwa", "mark": "markotop", "farm": "farmasi", "panc": "pancing", "kand": "kandaga", "rorome": "roromendut", "stoc": "stockis", "bek": "bekasi", "pram": "pramita", "kel": "kelapa", "khar": "kharisma", "gemi": "gemilang", "crea": "creative", "squ": "square", "lan": "lantai", "tam": "tamora", "mal": "malika", "sil": "silver", "wib": "wibowo", "tourst": "tourstravel", "kland": "klandasan", "per": "permai", "bai": "baitul", "hik": "hikmah", "indom": "indomaret", "ida": "idaman", "base": "basecamp", "offi": "official", "babuss": "babussalam", "sup": "supini", "muksal": "muksalmina", "madr": "madrasah", "al": "aliyah", "par": "parkir", "man": "mangga", "tabu": "tabungan", "bak": "bakery", "her": "herlin", "bendu": "bendungan", "west": "western", "gra": "grabag", "soli": "solikin", "advert": "advertising", "ikh": "ikhwan", "kon": "konter", "rancam": "rancamanyar", "kamb": "kambing", "comp": "computer", "trik": "trikora", "sag": "sagaya", "commu": "community", "interna": "internasional", "komp": "komputer", "hel": "hellio", "hart": "hartono", "access": "accessories", "nota": "notaris", "sebe": "sebelum", "jemab": "jemabatan", "posy": "posyandu", "kenc": "kencana", "bondo": "bondowoso", "kar": "karya", "chan": "chandra", "exsp": "exsport", "bent": "bentang", "tung": "tunggal", "prap": "prapatan", "peri": "perintis", "nege": "negeri35", "mli": "mliwis", "beat": "beatique", "lant": "lantabur", "faku": "fakultas", "percet": "percetakan", "clin": "clinica", "bha": "bhakti", "jill": "jillian", "tra": "travel", "pent": "pentagon", "lapa": "lapangan", "barber": "barbershop", "boyo": "boyolali", "t": "ta", "perto": "pertokoan", "sec": "secret", "banja": "banjarejo", "bal": "baldes", "rah": "rahman", "safh": "safhira", "wallp": "wallpaper", "muhamma": "muhammadiyah", "sira": "siraman", "hida": "hidayah", "pala": "palasah", "adr": "adrian", "kli": "klinik", "fatahi": "fatahillah", "sru": "sruwen", "k": "kasa", "zaf": "zafran", "pot": "potong", "ram": "rambut", "astron": "astronacci", "mans": "mansion", "nat": "natnay", "ima": "imatho", "fam": "family", "shu": "shutle", "suda": "sudarso", "lumb": "lumbung", "bina": "binatang", "tow": "tower", "tex": "textil", "pad": "padang", "foto": "fotocopy", "raviria": "ravirianmas", "matah": "matahari", "expa": "expansia", "sara": "sarangan", "cent": "central", "cell": "cellular", "engl": "english", "zai": "zainah", "gho": "ghofur", "choco": "chocolate", "puri": "purimas", "kinta": "kintamani", "sis": "sistem", "convers": "conversation", "syaf": "syafi", "pes": "pesona", "muhm": "muhmmad", "sejah": "sejahtera", "samp": "samping", "fura": "furaidan", "pandan": "pandanaran", "multig": "multigriya", "kom": "kompas", "gram": "gramedia", "perhi": "perhiasan", "kena": "kenangah", "ther": "theraphy", "ama": "amanah", "mift": "miftahul", "fina": "finance", "nik": "niksen", "win": "window", "ols": "olshop", "met": "methuk", "polite": "politeknik", "cemp": "cempaka", "ter": "terapi", "dok": "dokter", "misr": "misrhan", "ras": "rasaki", "bril": "brillian", "penj": "penjahit", "pekan": "pekanbaru", "hili": "hiliuso", "apo": "apotek", "hus": "husada", "wulu": "wuluhan", "nag": "nagari", "batu": "batukambing", "peraw": "perawatan", "sel": "seloka", "gall": "gallery", "furni": "furniture", "pos": "poskes", "die": "diego", "telekomu": "telekomunikasi", "m": "munikasi", "h": "hi", "muly": "mulyoto", "sun": "sungai", "sat": "satria", "taf": "tafsir", "baktir": "baktirustys", "solu": "solution", "tanjung": "tanjungpinang", "bam": "bamboo", "dini": "diniyah", "bis": "bisnis", "asr": "asrama", "shop": "shopping", "pengu": "penguruan", "indu": "industri", "strawb": "strawberry", "keli": "kelinci", "tale": "talenta", "sekret": "sekretariat", "tar": "tariat", "wid": "widuri", "sent": "sentosa", "mutt": "muttakin", "angkri": "angkringan", "marki": "markimpul", "bedd": "bedding", "lest": "lestari", "semara": "semarangan", "distri": "distributor", "dza": "dzakya", "yogyak": "yogyakarta", "nyo": "nyonya", "jaka": "jakarta", "kem": "kemiri", "kara": "karawang", "rant": "ranting", "equip": "equipment", "prab": "prabowo", "wah": "wahana", "kep": "kepala", "alvi": "alvisel", "err": "errind", "gun": "gunung", "nad": "nadema", "fau": "fauzan", "apot": "apoteker", "s": "stri", "galung": "galunggung", "pernia": "perniagaan", "ach": "achmad", "glo": "global", "asog": "asogiri", "fell": "fellicia", "jala": "jalawira", "pla": "plaza", "tele": "televisi", "meiz": "meizhou", "baro": "barokah", "bukal": "bukalapak", "jami": "jamiatul", "kus": "kusuma", "seh": "sehati", "sab": "sabang", "gore": "gorengan", "mon": "monkey", "yohy": "yohyanes", "airli": "airlines", "sidr": "sidratul", "mbak": "mbako", "kran": "kranggan", "ks": "ks21", "pemban": "pembangunan", "dae": "daerah", "suma": "sumatera", "aza": "azalia", "elt": "eltra", "bim": "bimbel", "pin": "pintar", "transpe": "transpersada", "pemanc": "pemancingan", "gur": "gurame", "rest": "restoran", "kora": "koramil", "hummin": "hummingbird", "hij": "hijabi", "cont": "control", "sen": "seneng", "quint": "quintrix", "rez": "rezeki", "prak": "praktik", "pata": "patamuan", "berm": "bermain", "sena": "senayan", "cof": "coffee", "pets": "petshop", "dipone": "diponegoro", "perhim": "perhimpunan", "selu": "seluruh", "pan": "pantai", "beli": "belitung", "fraga": "fragancia", "hyun": "hyundai", "vari": "variasi", "rama": "ramayan", "recor": "recording", "shipp": "shipping", "palem": "palembang", "car": "caraka", "nga": "ngasem", "christ": "christiana", "konv": "konveksi", "gad": "gadung", "roh": "rohman", "kinc": "kinclong", "pola": "polantas", "tham": "thamrin", "tanbak": "tanbakrejo", "pand": "pandawa", "kri": "krisna", "ros": "rosano", "ayu": "ayuang", "way": "wayang", "mis": "misnen", "larash": "larashanty", "orig": "original", "n": "ng", "ding": "dinginan", "fit": "fitroh", "cita": "citarum", "peni": "penilai", "j": "jasa", "seg": "segeer", "bing": "bingtang", "pasu": "pasutra", "andr": "andrean", "bor": "borneo", "spes": "spesial", "suba": "subahri", "pem": "pemuda", "dan": "dang", "olah": "olahraga", "kabup": "kabupaten", "serd": "serdang", "jati": "jatiguwi", "o": "ol", "keru": "kerupuk", "ais": "aisyah", "baha": "bahagia", "thre": "threecom", "techno": "technology", "tri": "trisna", "jumani": "jumaningsih", "ten": "tenaga", "mel": "melati", "wono": "wonogiri", "puske": "puskesmas", "suku": "sukupat", "anwa": "anwaryan", "kela": "kelautan", "badarus": "badarussamsi", "bank": "bankan", "perba": "perbankan", "dome": "domestik", "para": "parabola", "pakual": "pakualaman", "outb": "outbound", "teno": "tenongan", "elec": "electric", "cik": "cikini", "lit": "little", "kup": "kupang", "digi": "digital", "del": "delima", "hardiy": "hardiyanti", "hoes": "hoesodo", "boko": "bokormas", "terc": "tercinta", "inst": "institut", "andi": "andirais", "ath": "athfal", "sep": "sepatu", "tamp": "tampang", "maul": "maulida", "sida": "sidareja", "sand": "sandira", "boyol": "boyolangu", "sema": "semawis", "onl": "online", "cae": "caesar", "den": "deny", "colo": "colombo", "nongk": "nongkrong", "lala": "lalapan", "agro": "agropark", "no": "nomi", "bah": "bahkti", "ekon": "ekonomi", "binam": "binamarga", "muara": "muaraenim", "inde": "indekost", "hami": "hamidah", "thu": "thuluz", "bree": "breeder", "kal": "kalkun", "maes": "maesaan", "usa": "usaha", "sang": "sangrai", "pelo": "pelopor", "siro": "sirojul", "spare": "sparepart", "dri": "drinks", "pind": "pindang", "int": "intake", "fri": "friend", "chic": "chicken", "pekalo": "pekalongan", "kris": "kristen", "wie": "wienda", "baitur": "baiturrohim", "gre": "gresik", "text": "textile", "mov": "movint", "ben": "bensin", "dian": "diansyah", "teru": "terusan", "lese": "lesehan", "bur": "burung", "and": "andara", "bringh": "bringharjo", "hamzan": "hamzanwadi", "nw": "nwadi", "hjelly": "hjellyanah", "ald": "aldric", "perbenda": "perbendaharaan", "rosma": "rosmailis", "bout": "boutique", "hai": "haisen", "more": "moreskin", "cibu": "cibubur", "refl": "refleksi", "b": "berkah", "armina": "arminareka", "prin": "printing", "prima": "primarini", "dana": "danamon", "outd": "outdoor", "siti": "sitinjau", "vih": "vihara", "kill": "killiney", "soh": "sohana", "ser": "seroja", "gil": "gilang", "alumu": "alumunium", "med": "medika", "perm": "permai", "valasi": "valasindo", "ci": "cipi", "juwi": "juwiring", "seka": "sekawan", "benc": "benculuk", "prote": "protestan", "mina": "minahasa", "ann": "annisa", "masa": "masakan", "nen": "neneng", "kha": "khanza", "opera": "operation", "ketu": "ketupat", "cin": "cingur", "sah": "sahefa", "chom": "chombat", "pen": "penyet", "zait": "zaitoni", "pt": "pta", "samu": "samudra", "labb": "labbaik", "islam": "islamiyah", "sangga": "sanggalangi", "nusant": "nusantara", "tek": "teknik", "sla": "slamet", "roc": "rocket", "patr": "patriot", "marh": "marhamah", "falah": "falahiyah", "trad": "tradana", "impe": "imperial", "gro": "grosir", "kemiri": "kemirirejo", "tul": "tulang", "sigo": "sigotom", "gan": "ganesha", "kayul": "kayulapis", "dep": "depok", "tau": "tauhid", "rej": "rejeki", "sala": "salatiga", "kepemu": "kepemudaan", "cher": "cherish", "tok": "tokkyu", "los": "losmen", "helv": "helvetia", "ruma": "rumahan", "tulung": "tulungagung", "dim": "dimsum", "fori": "forindo", "hara": "harapan", "list": "listrik", "asto": "astoria", "bol": "bolero", "bungam": "bungamayang", "indo": "indoguna", "mubtad": "mubtadi", "stu": "studio", "lin": "lintas", "sentra": "sentralindo", "pel": "pelita", "sop": "sophie", "pegad": "pegadaian", "asu": "asuhan", "tanj": "tanjung", "prem": "premium", "cha": "chakra", "mahk": "mahkota", "consul": "consultant", "wahy": "wahyuni", "gal": "galery", "saha": "sahabat", "stem": "stempel", "sayu": "sayuran", "tan": "tanjun", "elda": "eldamar", "mangun": "mangunharjo", "phil": "phillips", "azw": "azwars", "ngem": "ngemplak", "tim": "timbel", "pertamb": "pertambangan", "ene": "energi", "berkha": "berkhasiat", "rt": "rtuna", "siom": "siombo", "pela": "pelajar", "ver": "vermak", "kebid": "kebidanan", "ref": "refill", "mumung": "mumunggang", "alb": "albert", "albe": "albert", "mahas": "mahasiswa", "sas": "sastra", "nin": "ninety", "nine": "ninety", "mim": "mimika", "yon": "yongfa", "machi": "machinery", "expr": "express", "perusa": "perusahaan", "g": "gka", "raudh": "raudhatun", "mata": "mataram", "imp": "impian", "kang": "kangean", "dew": "dewata", "tang": "tanggul", "kepega": "kepegawaian", "konsu": "konsultan", "cab": "cabang", "dar": "dareen", "yam": "yamaha", "vio": "violet", "kendar": "kendari", "paci": "pacific", "stat": "station", "at": "ation", "bua": "buaran", "cult": "culture", "ast": "astari", "ism": "ismail", "pengin": "penginapan", "brack": "brackelet", "r": "rtuna", "lal": "laluna", "atta": "attaufiq", "almustag": "almustaghfirin", "pusaka": "pusakajaya", "masyi": "masyithoh", "bles": "blessing", "nitr": "nitrogen", "rege": "regensi", "plao": "plaosan", "busi": "business", "rosd": "rosdiana", "mant": "mantang", "deli": "delianna", "samar": "samarinda", "ra": "ran", "ward": "wardatul", "lab": "labruk", "feli": "felicia", "break": "breakfast", "trans": "transindo", "jaja": "jajanan", "perwak": "perwakilan", "selol": "seloliman", "disci": "disciples", "mage": "magelang", "mcdona": "mcdonald", "ora": "oranye", "pat": "patria", "motor": "motorindo", "nirm": "nirmala", "cime": "cimerah", "salsa": "salsabila", "nis": "nisbah", "bhin": "bhinneka", "sya": "syafri", "sabili": "sabilillah", "arb": "arbain", "ambu": "ambulans", "perik": "perikanan", "zach": "zachman", "chu": "chummy", "mechan": "mechanical", "z": "zizah", "resid": "residence", "nusan": "nusantara", "ame": "amerta", "klon": "klontong", "fre": "french", "meda": "medan", "hasa": "hasanah", "sur": "surabi", "ermi": "ermiyani", "buil": "building", "nasi": "nasiona", "wila": "wilayah", "suka": "sukaluyu", "fat": "fathir", "balitb": "balitbangda", "marc": "marcelli", "rei": "reihan", "sari": "sariwati", "suha": "suhardi", "saf": "safari", "wazo": "wazoeng", "citra": "citraland", "unt": "untung", "rina": "rinaldi", "bet": "betutu", "saud": "saudara", "sul": "sulaiman", "sula": "sulaiman", "suas": "suastuti", "ning": "ningsih", "howe": "howezen", "indus": "industry", "peak": "peakwine", "lux": "luxury", "laza": "lazatto", "pasap": "pasapati", "seko": "sekolah", "tin": "tinggi", "brot": "brother", "ibtid": "ibtidaiya", "as": "asjid", "gane": "ganesha", "simp": "simprug", "red": "redfox", "mart": "martabak", "cem": "cemara", "ked": "kediri", "peny": "penyetan", "indr": "indrawan", "men": "menara", "plas": "plastik", "zam": "zamzam", "kuto": "kutorejo", "angg": "anggrek", "perf": "perfume", "pergu": "perguruan", "kost": "kostrad", "corner": "cornerstone", "jag": "jagung", "tera": "teratai", "sukoh": "sukoharjo", "kun": "kuning", "este": "estetika", "pendi": "pendingin", "bilin": "bilingual", "boar": "boarding", "daily": "dailytrav", "afde": "afdeling", "mengk": "mengkurai", "har": "harian", "glob": "global", "ismail": "ismailiyah", "kart": "kartika", "hori": "horison", "zal": "zaldi", "mome": "momentum", "otom": "otomasi", "mah": "mahmun", "jatine": "jatinegara", "grap": "graphic", "teles": "telesindo", "let": "letjen", "cuc": "cucian", "bersau": "bersaudara", "cend": "cendana", "moto": "motorola", "cal": "caloka", "batt": "battery", "ari": "arimbi", "perlind": "perlindungan", "ker": "kering", "dinam": "dinamika", "kalima": "kalimalang", "sertif": "sertifikasi", "orga": "organik", "payt": "paytren", "jul": "julian", "syi": "syihab", "syar": "syariah", "wij": "wijaya", "atel": "atelier", "sito": "sitorus", "karang": "karangresik", "merp": "merpati", "hetm": "hetmina", "must": "mustika", "sti": "stikes", "st": "stikes", "starb": "starbucks", "chris": "christine", "nurz": "nurzaini", "prufu": "prufuture", "suk": "sukses", "elek": "elektro", "pros": "prospero", "rea": "realty", "srig": "srigemi", "mishba": "mishbaahul", "univer": "universitas", "hita": "hitachi", "cate": "catering", "buff": "buffalo", "off": "office", "negla": "neglasari", "ciga": "cigaret", "dur": "durian", "kre": "kremes", "cad": "cadika", "wili": "wiliana", "jasm": "jasmine", "kegi": "kegiatan", "kesejah": "kesejahteraan", "sos": "sosial", "rebel": "rebellion", "yestri": "yestrijal", "cibeut": "cibeuteung", "arj": "arjuna", "flor": "florist", "ist": "istana", "senj": "senjaya", "bri": "bridge", "c": "ce", "weeno": "weenolium", "pavi": "pavilion", "paradi": "paradise", "anne": "annelir", "land": "landmark", "pelab": "pelabuhan", "logis": "logistics", "karu": "karunia", "dela": "delapan", "wil": "wilcom", "alumi": "aluminium", "argun": "argungsih", "baitu": "baitullah", "syaq": "syaqilla", "rhama": "rhamayana", "qurr": "qurrota", "tahu": "tahuna", "seb": "seblak", "isab": "isabela", "say": "sayang", "amir": "amiriyah", "ang": "angkah", "it": "ital", "acad": "academy", "hut": "hutami", "perkan": "perkantoran", "cas": "casper", "randugu": "randugunting", "tjahja": "tjahjanto", "pelay": "pelayanan", "kelu": "keluarga", "kos": "kost", "cari": "carissa", "panakk": "panakkukang", "cou": "course", "orc": "orchid", "nua": "nuansa", "lumi": "lumintu", "pengir": "pengiriman", "gir": "giriman", "bob": "bobong", "merv": "mervinna", "giov": "giovanni", "easy": "easypay", "surmi": "surmiyati", "rodh": "rodhotul", "afi": "afifah", "ana": "ananda", "hiday": "hidayatul", "jaya": "jayalina", "nura": "nuraini", "badr": "badriyah", "e": "et", "andar": "andarina", "anda": "andalan", "flex": "flexible", "wiyu": "wiyurejo", "aman": "amanatul", "rizq": "rizqunaa", "tsanaw": "tsanawiyah", "nahdl": "nahdlatul", "clus": "cluster", "nirw": "nirwana", "rosal": "rosalinda", "tru": "trully", "kemena": "kemenangan", "sedul": "sedulurku", "can": "canggu", "pah": "pahala", "mir": "miruek", "inh": "inhome", "gend": "gendeng", "eza": "ezacha", "husna": "husnayain", "natu": "natural", "bers": "bersama", "diz": "diztro", "fir": "firman", "sapu": "saputra", "kawahm": "kawahmanuk", "lamba": "lambangan", "ketenagak": "ketenagakerjaan", "kelo": "kelopak", "purwo": "purworejo", "ale": "alesha", "kesela": "keselamatan", "penggil": "penggilingan", "lak": "laksmi", "vil": "vilato", "kreasi": "kreasindo", "vinc": "vincent", "penit": "penitipan", "u": "ungan", "lingku": "lingkungan", "madin": "madinatul", "gab": "gabrah", "ikhw": "ikhwanul", "dap": "dapoer", "uni": "unique", "mugi": "mugirejo", "str": "street", "site": "sitepat", "kitc": "kitchen", "ocea": "oceania", "raudl": "raudlatul", "enj": "enjong", "bup": "bupati", "poe": "poejok", "iba": "ibadah", "srik": "srikandi", "photow": "photoworks", "seaf": "seafood", "sandr": "sandrafin", "dimen": "dimension", "calif": "califonia", "sim": "simpan", "rinj": "rinjani", "pet": "petang", "anjas": "anjasmoro", "kia": "kiakio", "aisy": "aisyiyah", "opti": "optimus", "makn": "maknunin", "sutr": "sutrisno", "pelang": "pelangsing", "nugr": "nugraha", "rai": "raisya", "nadhi": "nadhiraff", "sejaht": "sejahtera", "indone": "indonesia", "perma": "permadani", "rin": "ringin", "bure": "bureau", "jomb": "jombang", "baiturr": "baiturrohman", "gelang": "gelanggang", "khal": "khalifah", "yun": "yunida", "sury": "suryati", "murwi": "murwibowo", "rw": "rwibowo", "peju": "pejuang", "awal": "awalaka", "purp": "purpose", "dhy": "dhyana", "mujah": "mujahidin", "majid": "majidiyah", "eupo": "euporia", "wati": "watiran", "yost": "yostiens", "ibtida": "ibtidaiyah", "chata": "chatarina", "wedd": "wedding", "brin": "bringin", "perd": "perdana", "sumar": "sumarecon", "mat": "mattoa", "vint": "vintage", "specia": "specialist", "tel": "telaga", "wota": "wotawati", "rawal": "rawalumbu", "mer": "merlyn", "tahf": "tahfidz", "pemb": "pembina", "profes": "profesional", "ika": "ikatan", "klam": "klampok", "law": "lawson", "inp": "inpres", "drag": "dragonz", "fird": "firdaus", "suwa": "suwandi", "kuku": "kukubima", "atla": "atlantic", "tara": "taratak", "minto": "mintorejo", "berdik": "berdikari", "albi": "albiruni", "lent": "lenteng", "pele": "pelepak", "sukok": "sukokerto", "cappu": "cappucino", "roma": "romantis", "cli": "clinic", "mate": "material", "pega": "pegawai", "repu": "republik", "nurh": "nurhati", "mes": "mesuji", "kios": "kiospon", "nun": "nuniek", "glan": "glandang", "sine": "sinergi", "exclu": "exclusive", "cire": "cirebon", "watamp": "watampanua", "cimbn": "cimbniaga", "tazm": "tazmania", "don": "donald", "tegalw": "tegalwangi", "tegal": "tegalwangi", "pran": "pranata", "wan": "wanita", "ngla": "nglampir", "ciku": "cikutra", "kamp": "kampung", "centra": "centralindo", "aur": "aurora", "cor": "corner", "gatrat": "gatratama", "daf": "daftar", "api": "apindo", "bimbi": "bimbingan", "bela": "belajar", "ori": "orimil", "arra": "arrahji", "kid": "kidi", "bas": "basket", "kopi": "kopislo", "gin": "gina", "paka": "pakaian", "purb": "purbayan", "khi": "khitan", "mapot": "mapotorop", "cume": "cumedak", "clot": "clothing", "prop": "property", "sian": "siantar", "succ": "success", "notos": "notosuman", "blosso": "blossom", "kuni": "kuningan", "cika": "cikampek", "deni": "denisha", "panaruk": "panarukan", "sambik": "sambikerep", "rusu": "rusunawa", "pria": "priangan", "rid": "ridwan", "madinatu": "madinatunnajah", "tuk": "tukang", "era": "eraqua", "sui": "suites", "kru": "krueng", "arm": "armina", "gros": "grosir", "tlogop": "tlogopayung", "top": "toppan", "anj": "anjasa", "inte": "interior", "fash": "fashion", "dies": "diestry", "bong": "bongkok", "koro": "korogan", "lame": "lamesia", "teki": "tekindo", "tion": "tionghoa", "nang": "nanggroe", "darussala": "darussalam", "tamans": "tamansiswa", "beren": "berencana", "pemberd": "pemberdayaan", "fisiot": "fisioterapi", "juti": "jutini", "advo": "advokat", "east": "eastern", "kau": "kauman", "gen": "gendut", "resi": "residece", "aesth": "aesthetic", "lau": "lautan", "rac": "racing", "gyp": "gypsum", "kaca": "kacamata", "cemer": "cemerlang", "tela": "teladan", "jia": "jianto", "mene": "menengah", "pert": "pertama", "mule": "muletetu", "narm": "narmada", "exp": "export", "depart": "department", "aprili": "apriliawan", "resucks": "resucksionis", "kemb": "kembang", "pae": "paerte", "syah": "syahira", "cant": "cantigi", "adv": "advent", "rabb": "rabbids", "homesta": "homestay", "akancae": "akancaenesfod", "yas": "yaspia", "maj": "majlis", "sug": "sugeng", "mare": "maretha", "kali": "kalituri", "pasa": "pasaraya", "pig": "pigura", "artis": "artistika", "cemi": "cemilan", "dol": "dolopo", "pun": "puncak", "mil": "milano", "sal": "salero", "balikp": "balikpapan", "kwa": "kwanji", "kir": "kirana", "stas": "stasiun", "pira": "piranti", "cang": "canggih", "kuri": "kuripan", "meu": "meubel", "purw": "purwanti", "pal": "palang", "manun": "manunggal", "ind": "indoaa", "fond": "fondaco", "spr": "spring", "kee": "keegan", "fitn": "fitness", "uru": "urusan", "cibeun": "cibeunying", "prmo": "prmotion", "redd": "reddoorz", "sha": "shaung", "buah": "buahan", "mars": "marsudi", "scoo": "scooter", "iraw": "irawati", "shol": "sholawat", "uswa": "uswatun", "sabi": "sabilul", "sut": "suteki", "pund": "pundimas", "pimp": "pimpinan", "bamb": "bambang", "nab": "nabila", "ken": "kenari", "revolu": "revolution", "panca": "pancasura", "komuni": "komunikasi", "leat": "leather", "tem": "tempat", "jat": "jateng", "cynt": "cynthia", "transmi": "transmigrasi", "fif": "fiftty", "muna": "munawar", "sch": "school", "ran": "ranjau", "fas": "fasela", "tegalg": "tegalgentan", "asur": "asuransi", "saa": "saadah", "led": "ledeng", "ekapu": "ekaputra", "pont": "pontang", "popp": "popplay", "cun": "cundoi", "sima": "simantri", "kast": "kasturi", "anast": "anastasia", "contra": "contractor", "pese": "pesesir", "wart": "wartinah", "kisa": "kisaran", "keseh": "kesehatan", "kelur": "kelurahan", "kosm": "kosmetik", "muha": "muhammad", "isn": "isnar", "curran": "currantindo", "lowi": "lowisray", "aqi": "aqiqah", "pertuk": "pertukangan", "fai": "faizal", "sume": "sumedang", "sandal": "sandalwood", "wain": "waingapu", "gading": "gadingmangu", "nyok": "nyoklat", "tew": "tewang", "sanga": "sangalang", "tumar": "tumaritis", "wida": "widagdo", "cipu": "ciputat", "sub": "suburi", "manc": "manceri", "bod": "bodies", "laya": "layanan", "xia": "xiaomi", "komun": "komunitas", "islami": "islamiyyah", "produc": "production", "nusa": "nusatama", "arom": "aromania", "khong": "khonghucu", "ma": "maja", "assa": "assalam", "baka": "bakakak", "statio": "stationery", "probol": "probolinggo", "mi": "miftahul", "poli": "politik", "esc": "escape", "circ": "circleka", "pic": "picmix", "gedu": "gedung", "dis": "distro", "purn": "purnama", "srim": "srimben", "wito": "witonako", "labi": "labibia", "nafi": "nafiska", "engine": "engineering", "mod": "modern", "clair": "clairmont", "inje": "injeksi", "bima": "bimatama", "telko": "telkomsel", "saki": "sakinah", "sarpi": "sarpino", "boe": "boezha", "nas": "nasgor", "waru": "warung", "apartm": "apartments", "denp": "denpasar", "pabu": "pabuaran", "kato": "katolik", "power": "powerindo", "seme": "semende", "lifef": "lifeforce", "stok": "stokiest", "gud": "gudang", "sallya": "sallyardi", "kum": "kumara", "agrobi": "agrobisnis", "megan": "megantoro", "rari": "rarisma", "restau": "restaurant", "profess": "professional", "yoha": "yohanes", "banjar": "banjarmasin", "geb": "gebang", "brow": "brownies", "hen": "hendra", "jan": "jangki", "sektret": "sektretariat", "krea": "kreatif", "vis": "visual", "yoko": "yokozuna", "cia": "ciapus", "gol": "golgen", "bapp": "bappeda", "harm": "harmony", "kebu": "kebumen", "peker": "pekerjaan", "perjal": "perjalanan", "dayab": "dayabuana", "an": "anjari", "tlogob": "tlogobedah", "meng": "menganti", "inov": "inovasi", "tril": "trilogi", "padjad": "padjadjaran", "groo": "grooming", "waruja": "warujayeng", "bap": "bapung", "buanai": "buanaindah", "marke": "marketama", "wathon": "wathoniyah", "dat": "datuak", "vert": "vertikal", "sriy": "sriyoto", "mum": "mumbul", "kla": "klakahrejo", "pema": "pematang", "mang": "manggar", "wak": "wakala", "dona": "donald", "adven": "adventure", "cite": "citepus", "kata": "katamso", "jren": "jrengik", "pok": "pokcil", "jimb": "jimbaran", "dina": "dinamika", "golo": "golodog", "pamungk": "pamungkasnet", "sol": "solusi", "getse": "getsemani", "adi": "aditya", "kate": "katering", "rau": "raudah", "acceso": "accesories", "keswad": "keswadayaan", "masyar": "masyarakat", "bant": "bantuan", "toek": "toekang", "babyc": "babycloth", "sart": "sartika", "leuwina": "leuwinanggung", "leuw": "leuwinanggung", "kend": "kendedes", "rancap": "rancaputat", "serp": "serpong", "mayb": "maybank", "isna": "isnawati", "megatind": "megatindolaya", "berl": "berlian", "mul": "muliya", "ele": "eleven", "fav": "favour", "novi": "novindo", "rot": "rotary", "lukm": "lukmanul", "setia": "setiabudi", "wibi": "wibisono", "multik": "multikreasi", "pus": "pusaka", "liman": "limansari", "sera": "seragam", "boya": "boyanese", "soc": "soccer", "produ": "produksi", "deudeu": "deudeuyeun", "kratonp": "kratonpedia", "kraton": "kratonpedia", "buluta": "bulutangkis", "sin": "sinjay", "supar": "suparyono", "cendra": "cendrawasih", "end": "endang", "sugiy": "sugiyarti", "tasj": "tasjilat", "aru": "arudha", "pra": "prapti", "muam": "muamalat", "lamp": "lampung", "tega": "tegaron", "pana": "panamas", "perman": "permandian", "pramb": "prambanan", "labu": "labuhan", "alpa": "alparies", "marb": "marbella", "badd": "baddoka", "masl": "maslahat", "erd": "erdifa", "bontoma": "bontomalette", "arts": "artshop", "kedh": "kedhaton", "bun": "bungas", "kond": "kondang", "makm": "makmur", "bebi": "bebilot", "cemerl": "cemerlang", "tose": "toserba", "nurl": "nurlete", "peda": "pedangan", "kub": "kubang", "biopo": "biopolish", "weda": "wedangan", "priv": "private", "shad": "shaddai", "ala": "alalak", "pras": "prasaja", "baitulr": "baitulrahman", "ngadis": "ngadisuryan", "dra": "dragon", "print": "printmate", "sama": "samator", "mam": "mamase", "dirham": "dirhamindo", "ponti": "pontianak", "fanta": "fantastis", "playst": "playstation", "kemi": "kemilau", "fur": "furqon", "mun": "muncar", "sunt": "sunter", "atam": "atambua", "god": "godhos", "mader": "maderlina", "xtr": "xtreme", "miss": "mission", "styl": "stylista", "kenti": "kentingan", "hamid": "hamidiyah", "sir": "siradj", "perleng": "perlengkapan", "sad": "sadema", "cer": "cerdas", "fik": "fikhri", "quan": "quantum", "cebo": "cebongan", "bare": "barelang", "ung": "unggul", "gant": "ganteng", "oche": "ochenta", "rosm": "rosmery", "aray": "arayana", "tugu": "tugusari", "allo": "allodya", "inform": "informatika", "aroma": "aromantai", "sele": "seleraku", "gif": "gifari", "koma": "komando", "pemas": "pemasaran", "tomo": "tomohon", "taw": "tawiri", "sem": "sempoa", "ami": "aminah", "kempi": "kempinski", "yan": "yanuar", "penyem": "penyembuhan", "jam": "jambak", "kemu": "kemuning", "wali": "walikota", "bus": "busana", "erlan": "erlangga", "geuleu": "geuleudieng", "cabi": "cabianz", "kaliba": "kalibawang", "flo": "floren", "supp": "supplier", "rambi": "rambipuji", "gunung": "gunungkidul", "jogo": "jogoboyo", "elemen": "elementary", "anggr": "anggraini", "geri": "gerilya", "karyam": "karyamitra", "dal": "dallas", "kupe": "kuperin", "epiw": "epiwalk", "pust": "pustaka", "ngi": "ngisor", "kecam": "kecamatan", "menj": "menjahit", "lamt": "lamtamot", "cabal": "caballuna", "has": "hasvia", "myf": "myfee", "telk": "telkomas", "peka": "pekayon", "maxw": "maxwell", "resou": "resources", "laborat": "laboratorium", "kaosa": "kaosagung", "hoka": "hokahoka", "map": "mapurujaya", "garmen": "garmentama", "home": "homestay", "ittkh": "ittkhadul", "mera": "meranti", "rasy": "rasyid", "expan": "expansion", "zaen": "zaenuri", "yuli": "yuliana", "lon": "lontar", "tig": "tigris", "buna": "bunaken", "mit": "mitra", "reside": "residences1", "kiddosh": "kiddoshopies", "lev": "levi", "ngum": "ngumpul", "laga": "lagadar", "tenggu": "tenggumung", "gel": "geleri", "mete": "meteora", "centu": "century21", "ill": "illahi", "naz": "nazwir", "keberan": "keberangkatan", "wulan": "wulandari", "cira": "ciracas", "pelat": "pelatihan", "snoo": "snooker", "hat": "hatten", "jaba": "jababeka", "seor": "seorang", "superm": "supermarket", "sumsel": "sumselbabel", "airb": "airbrush", "daruss": "darussuada", "sals": "salsabil", "mur": "murah", "istiq": "istiqomah", "sneakersu": "sneakersurabaya", "vill": "village", "bojong": "bojongkukun", "sumb": "sumbawa", "cellu": "cellullar", "arthar": "artharindo", "pengol": "pengolahan", "gon": "goneys", "agri": "agrindo", "ngat": "ngatimah", "sukmawa": "sukmawardhani", "kayuri": "kayuringin", "finan": "financial", "sew": "sewing", "grhas": "grhasindo", "ert": "erthan", "frens": "frensiand", "roudl": "roudlotul", "pengob": "pengobatan", "cizn": "ciznjur", "gond": "gondrong", "polik": "polikindo", "ain": "ainiee", "surak": "surakarta", "souv": "souvenir", "khoi": "khoirus", "ris": "ristra", "din": "dinamo", "elhalim": "elhalimiyyah", "arrosy": "arrosyidin", "gold": "goldwin", "suti": "sutiyem", "musl": "muslimat", "taru": "tarumas", "unga": "ungasan", "japa": "japanese", "kedam": "kedamaian", "gent": "genteng", "calista": "calistacitra", "kawa": "kawanua", "cima": "cimanggu", "bul": "bulawa", "carw": "carwash", "hal": "halisa", "kemay": "kemayoran", "wors": "worship3", "beth": "bethany", "acaib": "acaiberry", "mont": "montash", "cakke": "cakkeware", "ani": "anifah", "broth": "brothers", "sho": "shogir", "damaim": "damaimakmur", "sarunt": "saruntajaya", "prod": "produksi", "mico": "micos", "koko": "kokonoza", "cam": "campur", "rus": "rustam", "sido": "sidorejo", "petu": "petugas", "gene": "general", "supl": "suplayer", "trib": "tribuana", "ust": "ustar", "falc": "falcoms", "bio": "biomed", "bata": "batagor", "rote": "rotelli", "carn": "carnadi", "swim": "swimming", "apart": "apartment", "cila": "cilandak", "cosm": "cosmetik", "nu": "nurul", "maha": "maharani", "clas": "classic", "ital": "italian", "hot": "hotdog", "mag": "magnum", "wina": "winarsih", "syuh": "syuhada", "mig": "mighty", "indust": "industries", "edya": "edyanto", "leg": "legian", "lad": "ladang", "ciman": "cimanggis", "holl": "holland", "lag": "laguna", "taekw": "taekwondo", "kra": "kramat", "wira": "wiratama", "gem": "gembus", "jogjak": "jogjakarta", "kera": "keramik", "dip": "diptya", "ethnic": "ethnicraft", "khali": "khalifah", "eli": "elista", "aku": "akurat", "ekpe": "ekpedisi", "send": "sendang", "shi": "shina", "info": "infotama", "jus": "juslia", "ase": "asephi", "umai": "umaiyah", "airw": "airways", "multa": "multatuli", "rangkas": "rangkasbitung", "fad": "fadlih", "taic": "taichan", "dea": "dealer", "sound": "soundlife", "donu": "donutes", "fan": "fandro", "uta": "utama", "jagadt": "jagadtrans", "buka": "bukateja", "jay": "jayadi", "keuc": "keuchik", "altern": "alternatif", "bengk": "bengkalis", "trij": "trijaya", "perindu": "perindustrian", "swal": "swalayan", "tai": "tailor", "kili": "kiliney", "dormi": "dorminity", "pam": "pamata", "susa": "susanto", "sing": "singkur", "city": "cityku", "fuji": "fujianti", "bato": "batotok", "form": "formula", "mhe": "mhemey", "secon": "secondary", "kram": "krampung", "ridw": "ridwan88", "pil": "pilip", "matr": "matraman", "afr": "afriza", "avantg": "avantgarde", "head": "headlamp", "parahy": "parahyangan", "afri": "afrianto", "selapa": "selaparang", "kelon": "kelontong", "mob": "mobile", "peru": "perumnas", "kramat": "kramatjati", "ges": "gesang", "tuba": "tubagus", "cla": "claban", "frie": "friendly", "loc": "locket", "kap": "kapela", "muba": "mubarok", "butte": "buttercup", "spesi": "spesialis", "cihamp": "cihampelas", "mey": "meyris", "seve": "seventh", "alfe": "alfenol", "angk": "angkasa", "proj": "project", "irs": "irsyad", "keua": "keuangan", "karap": "karapitan", "jingk": "jingklong", "kare": "karengan", "madu": "madureso", "nomi": "nominomi", "poi": "point", "omb": "ombuli", "isla": "islamic", "soew": "soewondo", "demok": "demokrasi", "bra": "branch", "work": "workshop", "riya": "riyadus", "bin": "bintan", "erli": "erliana", "arga": "argajasa", "roe": "roemah", "auto": "autopro", "eyz": "eyzzul", "delt": "deltris", "spec": "special", "bill": "billiard", "rengasb": "rengasbandung", "sisarata": "sisaratandrawa", "vict": "victory", "pantek": "pantekosta", "nic": "nicura", "gui": "guitar", "jayawi": "jayawijaya", "kolangk": "kolangkaling", "telekomun": "telekomunikasi", "rena": "renaldy", "lont": "lontong", "rica": "ricardo", "samaf": "samafitro", "mine": "mineral", "adig": "adiguna", "lum": "lumina", "baba": "babakan", "perpust": "perpustakaan", "kayu": "kayumas", "fajr": "fajrinur", "popu": "popular", "pura": "puratos", "perl": "perlindo", "wicak": "wicaksana", "pari": "parisada", "lari": "lariste", "ulu": "ulus", "lap": "lapeo", "randu": "randupitu", "sprin": "springbed", "ham": "hammer", "tami": "tamiang", "tor": "toraja", "ngadi": "ngadisari", "aroh": "arohmah", "keput": "keputihan", "elshe": "elsheskin", "araf": "arafah", "oum": "oumoro", "galva": "galvalume", "bon": "bondek", "nurunn": "nurunnabawi", "gela": "gelangsa", "cian": "cianjur", "organ": "organizer", "cija": "cijagra", "alm": "almira", "battle": "battleboom", "guwo": "guworejo", "biog": "bioglass", "skin": "skincare", "elza": "elzatta", "purwawi": "purwawinangun", "pacuan": "pacuankuda", "kac": "kacang", "medi": "medical", "runn": "running", "ichi": "ichibiru", "mille": "millenium", "kebers": "kebersihan", "spo": "sports", "wareh": "warehouse", "klen": "klenger", "panwa": "panwascam", "ista": "istamed", "keme": "kemenag", "peng": "pengawas", "mela": "melawai", "hear": "hearing", "aarcp": "aarcpulau", "tid": "tidung", "pono": "ponorogo", "loli": "lolipop", "buko": "bukopin", "fast": "fasthan", "jen": "jenggo", "pahl": "pahlawan", "kori": "koridor", "herba": "herbalink", "ki": "kist", "apex": "apexindo", "cicale": "cicalengka", "eng": "enggal", "kust": "kustini", "sukad": "sukadamai", "exha": "exhaust", "persa": "persatuan", "hac": "hacker", "infi": "infinity", "lun": "lunpia", "amoo": "amoorea", "friedch": "friedchicken", "isl": "island", "kalik": "kalikajar", "blan": "blantik", "caw": "cawang", "sof": "sofyan", "arf": "arfah", "seul": "seulawah", "mai": "mainan", "sopon": "soponyono", "detai": "detailing", "mini": "minimart", "uday": "udayana", "harum": "harumsari", "kepul": "kepulauan", "lemahs": "lemahsugih", "sukar": "sukaragam", "associ": "associates", "kurn": "kurnia", "abs": "absyar", "tirtoma": "tirtomartani", "jagak": "jagakarsa", "robi": "robinson", "kajo": "kajoran", "sej": "sejati", "lio": "lionel", "frei": "freight", "jabrai": "jabrailiyah", "grahanus": "grahanusantara", "col": "colour", "atf": "atfhal", "ins": "insani", "mari": "mariyam", "automo": "automotive", "noo": "noor", "much": "muchtar", "mali": "malimbo", "diam": "diamond", "cigunun": "cigunungsari", "cre": "credit", "devi": "deviate", "modos": "modosinal", "akar": "akarta", "luxman": "luxmanyana", "ars": "arsyad", "sariw": "sariwangi", "manih": "manihuruk", "merd": "merdeka", "aba": "abadi", "wilu": "wilujeng", "yesa": "yesarela", "fitr": "fitrisia", "biom": "biomed", "basm": "basmalah", "ton": "tonaan", "parung": "parungkuda", "serona": "seronajaka", "sura": "suramadu", "fahm": "fahmat", "tupperw": "tupperwareig", "carm": "carminah", "lanc": "lancang", "bala": "balaroa", "lemp": "lempuing", "demi": "demindo", "sak": "sakti", "wela": "welamosa", "kubu": "kuburan", "hadi": "hadijah", "build": "building", "meka": "mekanik", "eat": "eatery", "citeu": "citeureup", "cecyn": "cecynthia", "tuhep": "tuhepaly", "alki": "alkitab", "mahak": "mahakeret", "lara": "larangan", "rach": "rachman", "sk": "skesmas", "agen": "agenpos", "temang": "temanggung", "chi": "chiken", "sunst": "sunstream", "chakrad": "chakradarma", "eksek": "eksekutif", "wukir": "wukirsari", "kani": "kanisius", "gob": "gober", "cis": "cisoka", "rambah": "rambahutama", "pupp": "puppies", "sulisty": "sulistyowati", "davi": "davinci", "brig": "brigjend", "ray": "rayfan", "kalia": "kalianyar", "gat": "gathes", "apars": "aparsindo", "libe": "liberty", "baja": "bajatama", "manaj": "manajemen", "cije": "cijerah", "hyb": "hybrid", "aya": "ayamqu", "goy": "goyang", "perhub": "perhubungan", "mubar": "mubarokah", "muaww": "muawwanah", "wonder": "wonderland", "aga": "aganio", "kanay": "kanayakan", "ariz": "arizkha", "me": "meat", "butc": "butchery", "holi": "holistic", "cold": "coldwell", "suhe": "suhendra", "keluar": "keluarahan", "gelan": "gelangmas", "riaduss": "riadussolihin", "pho": "phobee", "arti": "artisan", "filade": "filadelfia", "trus": "truscel", "capi": "capital", "paning": "paninggilan", "sumo": "sumoharj", "stra": "straits", "lam": "lamour", "res": "resort", "panamb": "panambahan", "semp": "sempaja", "helm": "helmy", "balu": "balungan", "pelin": "pelindung", "sumber": "sumberagung", "mary": "maryanto", "imro": "imroati", "zah": "zaheer", "unip": "uniplaza", "mili": "militer", "iska": "iskandar", "yel": "yellow", "ara": "arana", "abdu": "abdullah", "gust": "gustika", "boule": "boulevard", "gemb": "gembira", "insan": "insantama", "nit": "nituty", "cook": "cookies", "buss": "bussines", "gras": "grasberg", "muta": "mutazam", "soer": "soerabi", "dil": "dillah", "educa": "education", "austr": "australia", "kas": "kasran", "newurbanm": "newurbanmale"}